{
	"format_version": "1.8.0",
	"animations": {
		"animation.pebble.ground_idle": {
			"loop": true,
			"animation_length": 1.83333,
			"bones": {
				"Body": {
					"position": {
						"0.0": [0, 0, 0],
						"0.8333": [0, -1, 0],
						"1.8333": [0, 0, 0]
					}
				}
			}
		},
		"animation.pebble.ground_walk": {
			"loop": true,
			"animation_length": 1.04167,
			"bones": {
				"Leg_right": {
					"position": {
						"0.0": [0, 0, 0],
						"0.0417": [0, 1, -1],
						"0.0833": [0, 2, -2],
						"0.125": [0, 2, -3],
						"0.1667": [0, 2, -5],
						"0.2083": [0, 1, -6],
						"0.25": [0, 0, -7],
						"0.2917": [0, 0, -8],
						"0.5833": [0, 0, 5],
						"0.7083": [0, 3, 1],
						"0.7917": [0, 2, -2],
						"0.875": [0, 2, -5],
						"0.9167": [0, 1, -6]
					}
				},
				"Body": {
					"position": {
						"0.0": [0, 0, 0],
						"0.2917": [0, 1, 0],
						"0.625": [0, 0, 0],
						"0.9167": [0, 1, 0]
					}
				},
				"Leg_left": {
					"position": {
						"0.0": [0, 0, 6],
						"0.3333": [0, 3, 0],
						"0.5": [0, 2, -3],
						"0.5417": [0, 0, -5],
						"0.5833": [0, 0, -6],
						"0.7917": [0, 0, 5.71],
						"0.9167": [0, 0, 6],
						"1.0417": [0, 2, 2]
					}
				}
			}
		},
		"animation.pebble.faint": {
			"loop": true,
			"animation_length": 1,
			"bones": {
				"Tout": {
					"rotation": {
						"0.0": [0, 0, 0],
						"0.0833": [0, 90, 0],
						"0.1667": [0, 180, 0],
						"0.25": [0, 270, 0],
						"0.3333": [0, 360, 0],
						"0.4167": [0, 450, 0],
						"0.5": [0, 540, 0],
						"0.5833": [0, 630, 0],
						"0.6667": [0, 720, 0],
						"0.75": [0, 810, 0],
						"0.8333": [0, 900, 0],
						"0.9167": [0, 990, 0],
						"1.0": [0, 1080, 0]
					}
				}
			}
		}
	}
}
