{
	"format_version": "1.8.0",
	"animations": {
		"animation.maidoleric.ground_walk": {
			"loop": true,
			"animation_length": 1,
			"bones": {
				"leg2": {
					"rotation": {
						"0.0": [0, 0, 0],
						"0.25": [-20, 0, 0],
						"0.75": [20, 0, 0],
						"1.0": [0, 0, 0]
					}
				},
				"leg1": {
					"rotation": {
						"0.0": [0, 0, 0],
						"0.25": [20, 0, 0],
						"0.75": [-20, 0, 0],
						"1.0": [-0.01754, 2.34914, -0.85553]
					}
				},
				"arm1": {
					"rotation": {
						"0.0": [0, 0, 0],
						"0.25": [10, 0, 0],
						"0.75": [-17.5, 0, 0],
						"1.0": [0, 0, 0]
					}
				},
				"arm2": {
					"rotation": {
						"0.0": [0, 0, 0],
						"0.25": [-15, 0, 0],
						"0.75": [12.5, 0, 0],
						"1.0": [0, 0, 0]
					}
				}
			}
		},
		"animation.maidoleric.ground_idle": {
			"loop": true,
			"animation_length": 6,
			"bones": {
				"arm1": {
					"rotation": {
						"0.0": [0, 0, 0],
						"2.0": [5.00076, -0.99619, -0.08716],
						"4.0": [-5.99924, -0.99619, -0.08716],
						"6.0": [-0.99924, -0.99619, -0.08716]
					}
				},
				"arm2": {
					"rotation": {
						"0.0": [0, 0, 0],
						"2.0": [-5, 0, 0],
						"4.0": [5, 0, 0],
						"6.0": [0, 0, 0]
					}
				}
			}
		}
	}
}